{
	"Caucasus":{
		"Airports":{
			"12":{
				"name":"Anapa-Vityazevo",
				"X":-5375.8852227225,
				"Y":243102.93666833
			},
			"13":{
				"name":"Krasnodar-Center",
				"X": 12115.175562617,
				"Y": 367602.14597459    
			},
			"14":{
				"name":"Novorossiysk",
				"X":-40747.808251647,
				"Y": 278918.85873109
			},
			"15":{
				"name":"Krymsk",
				"X": -6604.2825496684,
				"Y": 294136.18561743    
			},
			"16":{
				"name":"Maykop-Khanskaya",
				"X": -25642.569335724,
				"Y": 457991.89891304
			},
			"17":{
				"name":"Gelendzhik",
				"X":-49775.78860631,
				"Y": 298010.81718604 
			},
			"18":{
				"name":"Sochi-Adler",
				"X":-164242.10724525,
				"Y":462273.37341145
			},
			"19":{
				"name":"Krasnodar-Pashkovsky",
				"X":8110.5662552173,
				"Y": 387625.19251159
			},
			"20":{
				"name":"Suhkumi-Babushara",
				"X":-220567.12238348,
				"Y":564171.76709231
			},
			"21":{
				"name":"Gudauta",
				"X":-196836.03260039,
				"Y":516564.2951397
			},
			"22":{
				"name":"Batumi",
				"X":-354931.4,
				"Y":617326.1
			},
			"23":{
				"name":"Senaki-Kolkhi",
				"X":-281448.2,
				"Y":647319.3
			},
			"24":{
				"name":"Kobuleti",
				"X":-317440.0,
				"Y":635821.9
			},
			"25":{
				"name":"Kutaisi",
				"X":-284280.9,
				"Y":683977.6
			},
			"26":{
				"name":"Mineralnye Vody",
				"X":-50998.584717244,
				"Y": 705808.7799308
			},
			"27":{
				"name":"Nalchik",
				"X":-124390.51568646,
				"Y":761031.47781923
			},
			"28":{
				"name":"Mozdok",
				"X":-83448.57167949,
				"Y": 834800.74630026 
			},
			"29":{
				"name":"Tbilishi-Lochini",
				"X":-314913.1,
				"Y":896772.6
			},
			"30":{
				"name":"Soganlug",
				"X":-317735.1,
				"Y":895269.45216004
			},
			"31":{
				"name":"Vaziani",
				"X":-318926.3156751,
				"Y":903083.01840633
			},
			"32":{
				"name":"Beslan",
				"X": -147949.37387199,
				"Y": 843955.32904905
			}
		},
		"CombatArea":{
			"X":{
				"Max":14000.0,
				"Min":-469000.0
			},
			"Y":{
				"Max":210000.0,
				"Min":925000.0
			}
		}
	},


	"Nevada" : {
		"Airports":{
			"1":{
				"name":"Creech AFB",
				"X":-359551.7,
				"Y":-75657.3
			},
			"2":{
				"name":"Groom Lake AFB",
				"X":-288555.7,
				"Y":-86952.1
			},
			"3":{
				"name":"McCarran International Airport",
				"X":-416193.3,
				"Y":-26977.1
			},
			"4":{
				"name":"Nelis AFB",
				"X":-397057.2,
				"Y":-17156.3
			},
			"5":{
				"name":"Beatty Airport",
				"X":-330067.4,
				"Y":-175159.3
			},
			"6":{
				"name":"Boulder City Airport",
				"X":-429869.7,
				"Y":-380.1
			},
			"7":{
				"name":"Echo Bay",
				"X":-387617.2,
				"Y":33256.9
			},
			"8":{
				"name":"Henderson Executive Airport",
				"X":-427553.9,
				"Y":-26033.6
			},
			"9":{
				"name":"Jean Airport",
				"X":-450672.1,
				"Y":-44044.8
			},
			"10":{
				"name":"Laughlin Airport",
				"X":-515943.3,
				"Y":28231.1
			},
			"11":{
				"name":"Lincolin County",
				"X":-220471.6,
				"Y":30778.3
			},
			"13":{
				"name":"Mesquite",
				"X":-328726.4,
				"Y":7712.2
			},
			"14":{
				"name":"Mina Airport 3Q0",
				"X":-162205.1,
				"Y":-289528.3
			},
			"15":{
				"name":"North Las Vegas",
				"X":-400697,
				"Y":-32898.4
			},
			"16":{
				"name":"Pahute Mesa Airstrip",
				"X":-303615.5,
				"Y":-132669.3
			},
			"17":{
				"name":"Tonopah Airport",
				"X":-197121.5,
				"Y":-200976.0
			},
			"18":{
				"name":"Tonopah Test Range Airfield",
				"X":-226165.3,
				"Y":-174890.4
			}
		},
		"CombatArea":{
			"X":{
				"Max":-23300.0,
				"Min":-556000.0
			},
			"Y":{
				"Max":196000.0,
				"Min":-428000.0
			}
		}
	},
	"Persian Gulf":{
		"Airports":{
			"1":{
				"name":"Abu Musa Island",
				"X":0,
				"Y":0
			},
			"2":{
				"name":"Bandar Abbas Intl",
				"X":0,
				"Y":0
			},
			"3":{
				"name":"Bandar Lengeh",
				"X":0,
				"Y":0
			},
			"4":{
				"name":"Al Dhafra AFB",
				"X":0,
				"Y":0
			},
			"5":{
				"name":"Dubai Intl",
				"X":0,
				"Y":0
			},
			"6":{
				"name":"Al Maktoum Intl",
				"X":0,
				"Y":0
			},
			"7":{
				"name":"Fujairah Intl",
				"X":0,
				"Y":0
			},
			"8":{
				"name":"Tunb Island AFB",
				"X":0,
				"Y":0
			},
			"9":{
				"name":"Havadarya",
				"X":0,
				"Y":0
			},
			"10":{
				"name":"Khasab",
				"X":0,
				"Y":0
			},
			"11":{
				"name":"Lar",
				"X":0,
				"Y":0
			},
			"12":{
				"name":"Al Minhad AFB",
				"X":0,
				"Y":0
			},
			"13":{
				"name":"Qeshm Island",
				"X":0,
				"Y":0
			},
			"14":{
				"name":"Sharjah Intl",
				"X":0,
				"Y":0
			},
			"15":{
				"name":"Sirri Island",
				"X":0,
				"Y":0
			},
			"16":{
				"name":"Tunb Kochak",
				"X":0,
				"Y":0
			},
			"17":{
				"name":"Sir Abu Nuayr",
				"X":0,
				"Y":0
			},
			"18":{
				"name":"Kerman",
				"X":0,
				"Y":0
			},
			"19":{
				"name":"Shiraz Intl",
				"X":0,
				"Y":0
			},
			"20":{
				"name":"Sas Al Nakheel Airport",
				"X":0,
				"Y":0
			},
			"21":{
				"name":"Bandar-e-Jask",
				"X":0,
				"Y":0
			},
			"22":{
				"name":"Abu Dhabi Intl",
				"X":0,
				"Y":0
			},
			"23":{
				"name":"Al-Bateen",
				"X":0,
				"Y":0
			},
			"24":{
				"name":"Kish Island Intl",
				"X":0,
				"Y":0
			},
			"25":{
				"name":"Al Ain Intl",
				"X":0,
				"Y":0
			},
			"26":{
				"name":"Lavan Island",
				"X":0,
				"Y":0
			},
			"27":{
				"name":"Jiroft",
				"X":0,
				"Y":0
			},
			"28":{
				"name":"Ras Al Khaimah Intl",
				"X":0,
				"Y":0
			},
			"29":{
				"name":"Liwa AFB",
				"X":0,
				"Y":0
			}
		},
		"CombatArea":{
			"X":{
				"Max":100.0,
				"Min":0.0
			},
			"Y":{
				"Max":100.0,
				"Min":0.0
			}
		}
	},
	"Syria":{
		"Airports":{
			"1":{
				"name":"Abu al-Duhur",
				"X":0,
				"Y":0
			},
			"2":{
				"name":"Adana Sakirpasa",
				"X":0,
				"Y":0
			},
			"3":{
				"name":"Al Qusayr",
				"X":0,
				"Y":0
			},
			"4":{
				"name":"An Nasiriyah",
				"X":0,
				"Y":0
			},
			"6":{
				"name":"Beirut-Rafic Hariri",
				"X":0,
				"Y":0
			},
			"7":{
				"name":"Damascus",
				"X":0,
				"Y":0
			},
			"8":{
				"name":"Marj as Sultan South",
				"X":0,
				"Y":0
			},
			"9":{
				"name":"Al-Dumayr",
				"X":0,
				"Y":0
			},
			"10":{
				"name":"Eyn Shemer",
				"X":0,
				"Y":0
			},
			"13":{
				"name":"Haifa",
				"X":0,
				"Y":0
			},
			"14":{
				"name":"Hama",
				"X":0,
				"Y":0
			},
			"15":{
				"name":"Hatay",
				"X":0,
				"Y":0
			},
			"16":{
				"name":"Incirlik",
				"X":0,
				"Y":0
			},
			"17":{
				"name":"Jirah",
				"X":0,
				"Y":0
			},
			"18":{
				"name":"Khalkhalah",
				"X":0,
				"Y":0
			},
			"19":{
				"name":"King Hussein Air College",
				"X":0,
				"Y":0
			},
			"20":{
				"name":"Kiryat Shmona",
				"X":0,
				"Y":0
			},
			"21":{
				"name":"Bassel Al-Assad",
				"X":0,
				"Y":0
			},
			"22":{
				"name":"Marj as Sultan North",
				"X":0,
				"Y":0
			},
			"23":{
				"name":"Marj Ruhayyil",
				"X":0,
				"Y":0
			},
			"24":{
				"name":"Megiddo",
				"X":0,
				"Y":0
			},
			"25":{
				"name":"Mezzeh",
				"X":0,
				"Y":0
			},
			"26":{
				"name":"Minakh",
				"X":0,
				"Y":0
			},
			"27":{
				"name":"Aleppo",
				"X":0,
				"Y":0
			},
			"28":{
				"name":"Palmyra",
				"X":0,
				"Y":0
			},
			"29":{
				"name":"Qabr as Sitt",
				"X":0,
				"Y":0
			},
			"30":{
				"name":"Ramat David",
				"X":0,
				"Y":0
			},
			"31":{
				"name":"Kuweires",
				"X":0,
				"Y":0
			},
			"32":{
				"name":"Rayak",
				"X":0,
				"Y":0
			},
			"33":{
				"name":"Rene Mouawad",
				"X":0,
				"Y":0
			},
			"37":{
				"name":"Tabqa",
				"X":0,
				"Y":0
			},
			"38":{
				"name":"Taftanaz",
				"X":0,
				"Y":0
			},
			"40":{
				"name":"Wujah Al Hajar",
				"X":0,
				"Y":0
			}
		
		},
		"CombatArea":{
			"X":{
				"Max":100.0,
				"Min":0.0
			},
			"Y":{
				"Max":100.0,
				"Min":0.0
			}
		}
	
	
	}
}